Job Title,Job Description,Company Name,Job Type,Job Location,Posted On,Company Logo,Qualifications,Application Link

Data Scientist,Implement NLP algorithms and tools. Create NLP applications for medical data. Develop databases for NLP entities. Architect end-to-end Java solutions.,ClinDCast LLC ,Full-time,Remote,27/04/2024,N/A,"['Ontology', 'Java', 'SQL', 'Analysis skills', 'Natural language processing', 'Machine learning frameworks', 'Python']",/out?r=VRhMMeyAIEEmyvbnt71pjm3lnMcbunPO_ZZQzpXXdcw11By65-wsiOh9AeSrp9ILMCl4aols-UQA-yeB4ZJ8WXEESp0nCVUMMNDnIl7C

Data Scientist,"Engaging with the technical community to present results externally, keep up to date on recent advances, and advance the state of the art.",Oden Technologies ,N/A,United States,N/A,N/A,"['Doctoral degree', 'Data analysis skills', '3 years', ""Master's degree"", 'SQL', 'Machine learning', 'Doctor of Philosophy', 'Master of Science', 'Deep learning', 'Predictive analytics', 'Manufacturing', 'Machine learning libraries', 'AI', 'Python', 'Generative AI']",/out?r=C3nt8GRJEsZILDtbWgaHPo_zDd7xFzcrEtIij1LGDByYWqMH2WFaWwquaqclUOSeEeOp6mEz9s1JuA2OF56wRNaysUZGQRvRkKrQojSMkg9vVMuYNfdfaKYtcXwVNdH0

Data Scientist,"Drawing on an advanced degree in a quantitative field such as computer science, physics, statistics or applied mathematics, the Data Scientist demonstrates the…",Schlumberger ,N/A,"Sugar Land, TX",26/04/2024,https://d2q79iu7y748jz.cloudfront.net/s/_squarelogo/128x128/15d6aa4600ad68c42ff7ec48cad935a1,"['Health insurance', 'Dental insurance', 'Vision insurance', 'Statistics', 'Doctoral degree', 'Computer Science', 'Applied Mathematics', '3 years', ""Master's degree"", 'Machine learning', 'Doctor of Philosophy', 'Data analytics', 'Electrical Engineering', 'AI', 'Communication skills']",/out?r=5F9a33h_MpDib96C0xfvrT9KzLU4zK6HxcezHjPLJTcW2Z8pI0ppv0Q7gUrGCHcaurdsxdUWW-Wxophajos9n87FvR0sRAdZttc7Hyl5SxyQIYX9UzT_nhxdfRjnopvF

Data Scientist,"Comfortable working in a remote environment and communicating via chat, video conference, screen sharing and phone calls.",Certara ,Full-time,Remote,25/04/2024,https://d2q79iu7y748jz.cloudfront.net/s/_squarelogo/128x128/3e09dac8e604671a2500cbf1b63a45e4,"['TensorFlow', 'CI/CD', 'Doctoral degree', 'Kubernetes', 'PyTorch', 'Git', 'Docker', 'Machine learning', 'Doctor of Philosophy', 'Deep learning', 'Integration testing', 'Python']",/out?r=b5PnMJFiVxypLXPqG-5s_VVbbEJTu5VRv87v4sWteA7QtxyLtBmNVBau3c2YR7LgoNDEdHyHaoiyl0C1PL96RCIp1ElvMQdkLI84F7TD1tb8Utph3jdX0bO5DVO3f5_2xRD0I2lnpJkjwNPxVR71ElqYo1r5zcrp6-AMQEok54_lyF4lO7GwMoNXWzYvqmJBsE3tBGi9M0_vlCTHmlbha3EuHaTvu9CEN33p7Ag4o4eQ_hm8zodwMOCfp0NLNznNDBnzQkM5eNIqTxEPFt4MsqYw5egN5VU

Sr Data Scientist,"The position will require the incumbent to sit and stand at a desk, communicate in person and by telephone, frequently operate standard office equipment, such…",Visa ,N/A,"Atlanta, GA",26/04/2024,https://d2q79iu7y748jz.cloudfront.net/s/_squarelogo/128x128/424e574b0a65615c2d593985d0324d96,"['Wellness program', 'Health savings account', 'Health insurance', 'Dental insurance', '401(k)', 'Flexible spending account', 'Paid time off', 'Vision insurance', 'Life insurance', 'Data mining', 'Doctoral degree', 'XML', 'Sales', 'Big data', 'Writing skills', 'UNIX', 'Apache Hive', '3 years', 'Java', ""Master's degree"", ""Bachelor's degree"", 'Machine learning', 'Doctor of Philosophy', 'Financial services', 'Master of Business Administration', 'Communication skills', 'Python', 'Marketing', 'Bankruptcy', 'Hadoop']",/out?r=msztu1XbOI8BCKMS0oorxFRwPiHZ0puq5neuJbbhn_BXNTP0h4_VcMEjFKdbjAHXDYnZQ35WsCrTkodzjT5NaxR7Yf0zQC-WHTJYY1iwa06DI4XZbc_mdkCl32-y4i-XntD5t4UC_Q

"Staff Data Scientist, Growth",Provide technical guidance and mentorship to junior team members on solution design as well as lead code/design reviews.,Pinterest ,N/A,Remote,25/04/2024,https://d2q79iu7y748jz.cloudfront.net/s/_squarelogo/128x128/92f69237486c48025018f5efdf95fe95,"['R', 'Apache Hive', '8 years', 'SQL', 'Machine learning', 'Scripting', 'Leadership', 'Communication skills', 'Python', 'Marketing']",/out?r=4KpQjdLF7w3Mb43oAp7E7umo_564_oGgZgRWH2VWqABKHLjpKbUmfaCdY3SCynZAq9oYS6H2JYR5J6M

Data Scientist,Comfortable gathering requirements from both technical and non-technical team members to translate concepts and algorithms into working prototypes and solutions…,"Cal-Tex Protective Coatings, Inc. ",N/A,"Schertz, TX",27/04/2024,N/A,"['Computer science', 'Computer Science', 'Software Engineering', 'SAS', 'Relational databases', 'Spark', 'R', 'Microsoft SQL Server', 'SSRS', 'Tableau', ""Master's degree"", 'Databases', 'SOAP', 'SQL', 'Pandas', 'AWS', ""Bachelor's degree"", 'Machine learning', 'JavaScript', 'REST', 'Computer Engineering', 'APIs', 'ETL', 'Regression analysis', 'Predictive analytics', 'JSON', 'SSIS', '2 years', 'Communication skills', 'Data warehouse', 'Python', 'Data Science', 'T-SQL', 'Hadoop']",/out?r=6z_nBzXRuDqL8LUAvCUydpV2Exfdz0_TQ6aFir8eBkBx1Unis5Mtqt0vtaXWCYS4u0x289MPepNrZ-sI4X5Go0ZK20lwzP8-Xq_B-2b6H_WbU20Cc0qplUkGZne-ZW2UmemF3Uuigz8HGszX1I3l4blbthj2XJS4Ew

Data Scientist,"IT Consulting Services Inc seeks Data Scientist for Fairless, PA office to apply algorithms to models predict outcomes of interest such as health,…",IT Consulting Services ,N/A,United States,23/04/2024,https://d2q79iu7y748jz.cloudfront.net/s/_squarelogo/128x128/cb4642781dc31074c42dbce95903b2c5,"['Opportunities for advancement', 'Biology', 'Statistical software', 'Pharmacy', 'Under 1 year']",/out?r=mBnWB9dMRizpfPIneTuQEgJyveuWKbPXpNdnajVZyP-m9gwwKtNH9hrN5JKLWNKDgFkbGwcs1I-yilqZ5EOvDb5EM_gAawfGyJqmdMpMdy7Uefnq

Data Scientist,"Experience with training and fine-tuning models for NLP tasks like text classification, sentiment analysis, named entity recognition, etc.*.",Protellhirestaffingsolution.com ,Full-time,"San Jose, CA",26/04/2024,N/A,"['Health insurance', 'Dental insurance', '401(k)', 'Vision insurance', 'Life insurance', 'Word2vec', '5 years', 'SQL', 'Sentiment analytics', 'Machine learning', 'NER', 'Deep learning', 'Natural language processing', 'Text classification', '1 year', '4 years']",/out?r=0T6-iMxFhkGKF_gZY_IkPgrJzhBDUW58H6sXbkdU-QjWEKz1H0YcBFb9trvSCu2S9gVHNl01hDHiWrLUlmfKOJHtpe5re_xT45vv2PqZaB5-v_d2seZj-GM

"Data Scientist, TIDAL",Develop deep domain expertise and own measurement strategy for product and develop KPIs to track product success. 4+ years of data science experience.,TIDAL ,Full-time,"Boston, MA",26/04/2024,https://d2q79iu7y748jz.cloudfront.net/s/_squarelogo/128x128/79b97edcf436ded4e950a11a5e5f78ef,"['Paid parental leave', 'Health savings account', 'Caregiver leave', 'AD&D insurance', 'Employee stock purchase plan', 'Health insurance', 'Dental insurance', 'Flexible spending account', 'Paid time off', 'Parental leave', 'Vision insurance', 'Life insurance', 'Retirement plan', 'Paid sick time', 'Looker', 'Statistics', 'Computer science', 'Bachelor of Science', 'Tableau', 'SQL', ""Bachelor's degree"", 'Experimental design', 'Clustering', '4 years', 'Communication skills', 'Data warehouse', 'Python', 'Analytics']",/out?r=8PQ8txL-hAbs1oh5ZTuaM4LI3t5IaMgh6B6VmEVUTIZOUSvawsyu9ioqTUgOXrl5U0Sb7zmql8WCIfVbp0NKfIFQttZ3U204InsKnLipp6-Lw4kw5PaczhDVrJT8rOYDalT5uczeO2TYh5g5

Data Scientist,"A Master’s degree or work experience equivalent in computer science/mathematics/physics/engineering or related technical field,. Strong Python and SQL skills,.",Tive ,N/A,"Boston, MA",23/04/2024,https://d2q79iu7y748jz.cloudfront.net/s/_squarelogo/128x128/8d33b301f27591ee3a1a22096402686d,"['Computer science', ""Master's degree"", 'SQL', 'AWS', 'Analysis skills', 'Machine learning', 'Supervised learning', 'Data science', '1 year', 'Unsupervised learning', 'Communication skills', 'Python']",/out?r=8dyaSV1Buo1wy9LsvYRdxIGzP8KHecbi9pcMs0qiZfCWqZFiXIwW64LRbSjVcg_vTxjlrS2rCZwMdogjVGHLSDFgJzDLoMIbLmLRa1uoHwxavwczmtQT_OED1LZ_-_zfbKEJAMXDKocERjtm6UNS

Fraud Data Scientist,"Use signals and data collected by member interactions with the ID.me network to identify the use of stolen Personal Identifiable Information (PII), social…",ID.me ,N/A,"McLean, VA",27/04/2024,https://d2q79iu7y748jz.cloudfront.net/s/_squarelogo/128x128/2d78739433d088401549d589b5d95b6d,"['TensorFlow', 'Statistics', 'Doctoral degree', 'PyTorch', 'NumPy', ""Master's degree"", 'SQL', 'Pandas', 'Doctor of Philosophy', 'NIST standards', 'Deep learning', 'Fraud prevention and detection', 'Keras', 'Machine learning libraries', 'Leadership', '2 years', 'Python', 'Analytics']",/out?r=5tLxtExGgHakYCmonGbXvys2S8cXu9KrecMKp9t7xMXImVijHWr5tQAQf5hXBxmvmewScIcocmenjPk

"Data Scientist, Client Research","Bachelor’s degree in a quantitative discipline (statistics, biostatistics, data science, computer science, or a related field).",The Voleon Group ,Full-time,"Berkeley, CA",24/04/2024,N/A,"['AD&D insurance', 'Health insurance', 'Dental insurance', '401(k)', 'Paid time off', 'Vision insurance', '401(k) matching', 'Referral program', 'CI/CD', 'Computer science', 'R', 'Data analysis skills', 'UNIX', 'Git', ""Master's degree"", 'Bash', 'SQL', 'Pandas', 'Analysis skills', ""Bachelor's degree"", 'Machine learning', 'Software development', 'Communications', 'Linux', '1 year', 'Shell Scripting']",/out?r=uB56YE3L0fvmWnLG1_MJ7eoFWcOF1i46xLvmcFwCzXcRAiMFru-Gx5VIHzVq3cI3hBa4dMNQwZnRtaV_pe9-wZXA_rm68JRg_ZGHeL1vzI77zSpUQQL6N5Ms9NXIJDS_XnZoHV9MmX-TS6-pfrW1u_BGdRqF

Data Scientist - I,Communicate insights and findings to both technical and non-technical audiences. Bachelor’s Degree in Computer Science or related field.,Progressive Technology Solutions ,Contract,"Washington, DC",25/04/2024,https://d2q79iu7y748jz.cloudfront.net/s/_squarelogo/128x128/f198591fc685f21e783bac08d0ed1086,"['Computer science', '7 years', '6 years', 'Data mining', 'Computer Science', 'Software troubleshooting', '5 years', 'Data analysis skills', '3 years', 'Snowflake', '8 years', 'SQL', 'AWS', ""Bachelor's degree"", 'Machine learning', 'Natural language processing', 'Model training', 'S3', '1 year', 'AI', '4 years', 'Python']",/out?r=anfCORibE1x6WGJ9GOpqsyjR6bELzxILRY8otRPnAcAIDxZUQ8vs3gSqiPlj7qrY14Sot5zapauuVuvgt3S7tUuz_h2CNtkoFabXDfPhuhcDu6hP2ehdpVzJCw

Data Scientist,Combination of education and experience that provided the applicant with knowledge of one or more of the behavioral or social sciences equivalent to a major in…,Department of Human Services ,Full-time,"Washington, DC",25/04/2024,N/A,"['Social Sciences', ""Bachelor's degree"", 'Machine learning', 'Data science', '1 year', 'Leadership']",/out?r=eDoz-wlYQJy_XoiWaV-db9N95LyhEw0zZULDBkaNja2oxBd7UxczNq0ln0XAKf6xPuC2LOJ66uNxXUDa8xjMl_6tcY4WkJjoBU6a2ueFOJXyirvYhHkEJxzTDirgQs-Ygq2d0s79GHbKcDH1YJre5P58ITQmlNbGCeE3H4VRnBnTGPT1jte_FixY5ylpzDUixcgNspkId652UWv9dnu0-q5diquMwPkT1QIjrt8xHeedQv0_taTZSiSNMEV7qU9ZsLe2pvs8RrnTvV-j

Data Scientist II,The person will also develop or help develop strong strategies in integrating and utilizing the large health data for cancer research.,The Henry M. Jackson Foundation for the Advancement of Military Medicine ,Full-time,"Bethesda, MD",23/04/2024,https://d2q79iu7y748jz.cloudfront.net/s/_squarelogo/128x128/1dc8d29839020cfcf8ce3f529fd1e7a2,"['Statistical software', 'Doctoral degree', 'Computer Science', 'SAS', 'Writing skills', '3 years', ""Master's degree"", 'SQL', 'Data management', 'Doctor of Philosophy', 'Linked data', 'AI', 'Communication skills']",/out?r=tfSySDAanb8qy3tUE1ygrLeXbaWtvGiMrIGpqaMQXn6aerwcu2EhPctWBDkTLPxzyWgW_g0XHkgUs1XjGJjYljQo_1-ZoI54c8qIlQrZO2u32OKji-ck4ZUYzyXTF52XWa7HJZBzKAW7i_IbEcJj1DbuwfY3mUjv0vIgaR0GgnvF24M7q7kBkVD_-jhs_P9IHhc1I5LdHk-9Xjare8aw7DVYA7iuPBueTJv0K7e7ukL3SCqeYn3R7T51j2yqvoeD4SPuCG-kys1VgIiYZpiAtqGTDm1eJ14avA

Data Scientist,"Required Experience: Master's degree in business, statistics, or related field, or Certification in data science, or 10 years of equivalent work experience.",World Vision USA ,Full-time,United States,19/04/2024,https://d2q79iu7y748jz.cloudfront.net/s/_squarelogo/128x128/72bf25181eaaa3b8a5e171e89ce7be20,"['Power BI', 'Microsoft Excel', 'Statistics', 'SAS', '5 years', 'R', 'Tableau', ""Master's degree"", 'SQL', ""Bachelor's degree"", 'Digital marketing', 'Machine learning', 'Supervised learning', 'Organizational skills', 'Cleaning', 'Data science', 'Unsupervised learning', 'AI', 'Business', 'Leadership', 'Communication skills', 'Python', 'Marketing', 'Generative AI']",/out?r=3FwzdRwfMHwx7rSIU_E2TwQKCEME2jlVIsgrStBSHcZefC0r-1Wi5Do3LO8P8TA01vYG7ZI7-gFt3b9GpzFngkHpKuvU3_MOGy3vYyAEora2rB2QFqV_morxlXH45t2Pyf2Vq4u-06CKFb-mDYFouv8DsA

Data Scientist,"Execute all aspects of analytics initiatives including exploratory data analysis, machine learning model development, model evaluation and benefit estimation.",Combined Insurance ,Full-time,"Philadelphia, PA",19/04/2024,https://d2q79iu7y748jz.cloudfront.net/s/_squarelogo/128x128/3cdba3013da8d1219a9c231d700cae83,"['Health insurance', 'Underwriting', 'Machine learning', 'APIs', 'Business requirements', 'AI']",/out?r=gTNKf2PgWX3J4uFg77FGZEy5rJUiJoLyiGw99QE1tMPRUH5VwGR7IUCyAAWSzI4GixBb93bvKNmtzeXRVpvQe5qOJfB8qbitak4qAqFZIMtnj_uTiN5rNimr3S3F1TiZn9Upfqo6YFC9YW-V0S6b5Rwe3-TFfCbJCwPT_PqCcNkW_gQTMdSJyi86o885SMhzYqdMSSGXuA

Health Data Scientist,Provide written technical descriptions of implemented algorithms; contribute to the publication of the lab's software and research.,Veear Projects ,Temporary | Contract,"Durham, NC",25/04/2024,https://d2q79iu7y748jz.cloudfront.net/s/_squarelogo/128x128/3a6f7884320fbe2a82b3f7c955f1d737,"['R', 'Data analysis skills', 'Machine learning', 'Linux', 'Data visualization', 'Python', 'HTML5']",/out?r=mBpgCAGm-963JSoHwxsbCu2hVmpbQuh4Ow33Nqyr9_hUFexCC8ebAK4rFkcYZeHo1AVIwCPh0efkvjkP13nZUBRfswLpCcCvax4SSgQY-_iYWc2Cj8lxwrQUaR6pZEaw

Data Scientist Retail,The Data Scientist Retail will play an integral role in the development and deployment of retail management solutions. Experience with Python and SQL required.,True Value Company ,Full-time,"Chicago, IL",26/04/2024,https://d2q79iu7y748jz.cloudfront.net/s/_squarelogo/128x128/47e2ad4b408eaeec771a2b7ea2c1cdfb,"['Pricing', 'Power BI', 'Merchandising', 'SQL', 'Project management', ""Bachelor's degree"", 'Machine learning', 'Natural language processing', 'Certified Project Manager', 'Python', 'Marketing', 'Analytics']",/out?r=L5k7isakCdsHBDSuO1DnIP9k_ie_yzfRFTBQnUmy7ShZbcOz0QK9iGOS0xpqXj_CqmO2FQlrytgLv_b6l10ZhRua-Yrf-afzHnK6cT3pI-YwKyrJKHvK1Pbs2aI0LfbIdhctGOJingJxGMRULSqQRVT6YQaMwg1qrh_I4VB8Z26Jn8Wlj4exifWS_0QDJMucp_D0APGotk5RuXA3WeOaqnmHdNerFws6aVctps7hVKptNwJLt2eKsosCldjpSQDnTgqq_yw7FpOp8Ay_u3oMWNyX342oY1BOpkAI3JrvhCRYeOK4rpYnYqMy0I_eaw

Full Stack Developer,"Collaborate with the design team to implement user-friendly interfaces. As a Full Stack Developer, you will be responsible for developing and maintaining both…",FortifyData LLC ,Full-time | Contract,Remote,N/A,N/A,"['Spring Boot', 'CSS', 'Software troubleshooting', '5 years', 'Java', 'Microservices', 'SQL', 'AWS', 'Database management', 'Back-end development', 'REST', 'Angular', 'Software development', 'APIs', 'Agile', 'HTML5']",/out?r=df_DMOKYI8s3hdQmr-hFjQFdDLpSkUQe0OJEeMAg2BLD3OGL-XQvRnG5cCyVFwaB24BmxsPTJvrSqBQcDuELJcDLhK19V3YRoIGZBmAKn2FZpvh1GFuieLdGhe1g3jY

Full Stack Developer,"Strong understanding of performance optimization principles and tools (i.e. optimizing database queries, xdebug, engineering best practices).",V Shred ,Full-time,Remote,N/A,N/A,"['Work from home stipend', 'Health savings account', 'AD&D insurance', 'Paid holidays', 'Health insurance', 'Dental insurance', '401(k)', 'Flexible spending account', 'Paid time off', 'Flextime', '401(k) 4% Match', 'Work from home', 'Dependent health insurance coverage', 'Vision insurance', '401(k) matching', 'Life insurance', 'Referral program', 'Jira', 'CI/CD', 'Computer science', 'Computer Science', 'CSS', 'Full-stack development', '5 years', 'DevOps', 'Laravel', 'Git', 'English', 'E-commerce', 'SQL', 'PHP', 'Project management', 'Docker', ""Bachelor's degree"", 'Continuous improvement', 'Confluence', 'JavaScript', 'PostgreSQL', 'IT', 'SSH', 'Linux', 'Unit testing', '1 year', 'Communication skills', 'NGINX', 'HTML5', 'MySQL', 'SDLC']",/out?r=KoGukBmsvqPq0z7mSaALqJkA4YK0T-MIzE5NxyyIJWZJLIkRhCZ2VnmQfQ89tohMxHpH1XC3DfFXMmh3e-Pi8XSqTuLqcUJ-UEF_MRrUwHG54LmZsmNhGLSAGPx_SaQ

Full Stack Developer,"Knowledge of UI/UX design principles and experience with design tools (e.g., Adobe XD, Sketch). Collaborate with Owner to design, develop, and deploy the web…",LFA LLC ,Temporary | Part-time | Full-time,Remote,N/A,N/A,"['Profit sharing', 'Partner benefits', 'Work from home', 'Employee stock ownership plan', 'Opportunities for advancement', 'Flexible schedule', 'Web design', 'Computer science', 'Node.js', 'Computer Science', 'CSS', 'React', 'Full-stack development', 'MongoDB', 'UI design', 'Java', 'Database management', ""Bachelor's degree"", 'JavaScript', 'PostgreSQL', 'Adobe XD', 'Angular', 'UX', 'Sketch', 'Vue.js', '2 years', 'Communication skills', 'Python', 'HTML5', 'MySQL']",/out?r=TVEqSO_IYKjgjK8Ki-v0vR2AWZW8fvFVxqsCRDsobF3klPaD82BHyPCwAYja4NAs5y9JWnpf5dQW4VM87Su0GZvCnzhV_NaS6Yv4kMkYTcOiyXwTr9dJefOqFB7sfac

Full Stack .Net Developer,3 Years of experience as full-stack developer in . Strong experience in C#.Net. Expected hours: 40 per week.,HCL Americas ,Full-time,Remote,N/A,https://d2q79iu7y748jz.cloudfront.net/s/_squarelogo/128x128/40cde44a6facf2f0d15e3964cedc4417,"['Health insurance', '401(k)', 'Paid time off', 'Azure', 'Full-stack development', 'C#', '.NET', '3 years']",/out?r=SxW9ZPiz_tqFVMTubwnii_U1Rxuwf9uPR4PbPNn_Hj7252pdOV4v1Z8SBYWK3LLX7cOyA-wWQobrPPxLMw7ls_pZAr91NkxMGnjXQfDN0I5M_SNQ2ZnAxMP8zBXSU-mfT4Tf

Full Stack Developer,"Elicit and fulfill front-end and back-end requirements, starting with business needs and objectives, creating functional and technical specifications, and…",CME Corp ,Full-time,Remote,21/04/2024,N/A,"['AD&D insurance', 'Paid holidays', 'Disability insurance', 'Health insurance', 'Dental insurance', '401(k)', 'Flexible spending account', 'Tuition reimbursement', 'Paid time off', 'Employee assistance program', 'Vision insurance', 'Employee stock ownership plan', 'Life insurance', 'Referral program', 'Paid sick time', 'Computer science', 'MVC', 'Node.js', 'Computer Science', 'CSS', 'React', 'XML', 'Full-stack development', 'Responsive web design', '3 years', 'PHP', ""Bachelor's degree"", 'JavaScript', 'REST', 'Angular', 'Vue.js', 'Requirements gathering', 'HTML5', 'MySQL']",/out?r=evV8TmuFRSjJJMfFRzLR4A9TsK4HP2u1dX2ZfKdCctK3eADpRppes7N9vvzgAFYxvlr0HurTWsS0Od-5uoZEotShl9uvco3Qr8MHjk7IdDyJbsMl2MecXvxI_GPi9d0

Junior PHP Full-Stack Developer,Ideal candidate will be involved in all stages of front-end and back-end component development for our own custom websites and web applications.,Lightology LLC ,Full-time,Remote,25/04/2024,https://d2q79iu7y748jz.cloudfront.net/s/_squarelogo/128x128/fed89d65372284ac2dcee48dc0b0daa9,"['AD&D insurance', 'Disability insurance', 'Health insurance', 'Dental insurance', '401(k)', 'Vision insurance', 'Computer science', 'CSS', 'Bootstrap', 'React', 'Web development', 'Relational databases', 'Git', 'Responsive web design', 'Java', 'Application development', 'Databases', 'PHP', 'OOP', ""Bachelor's degree"", 'SVN', 'JavaScript', 'PostgreSQL', 'Back-end development', 'SASS', 'IT', 'Vue.js', 'Restaurant experience', 'Communication skills', 'Python', 'jQuery', 'HTML5', 'MySQL']",/out?r=B0X1fRD5GaV5x90dS9zbDVVk-OmCLiSIkSTvw_GejXlL57smOx_P8dkcQdwW5DV8LRsQVJ8nQVYWxEWn_paGkcN_P4nu01eLQkR6_wNdRORmz6VbayXMoOuEWwrQhK_6AshAQnKI1yleAj3dXIwpiwxYKcJ0DT1I-i934r1pUisaGjftedQlGUsXxCYW_75rzRgbOtdg6tTeJJTx4JI0fZLZ

Full-Stack Developer,"Excellent communication skills, with the ability to effectively communicate complex technical concepts to both technical and non-technical stakeholders.",ComplyAuto ,Full-time,Remote,N/A,N/A,"['Health savings account', 'Health insurance', 'Unlimited paid time off', 'Dental insurance', '401(k) 5% Match', 'Vision insurance', 'Computer science', 'Node.js', 'Computer Science', 'Software Engineering', 'Software troubleshooting', 'React', 'Kubernetes', 'Web development', 'Full-stack development', 'Relational databases', 'Responsive web design', 'UI design', '3 years', 'Databases', 'Analysis skills', 'Docker', ""Bachelor's degree"", 'PostgreSQL', 'Computer Engineering', 'UX', 'APIs', 'GraphQL', 'TypeScript', 'Communication skills']",/out?r=gZHrLkCajaSXnPrUNc9RX04xVrYXpiSM1oeOHn7Xbh0phAdiRx07hAJaZWkGsFnRpQujaVwj77oqKQR0r_oymqhNoPY44H6kKbPCL0jwXoVgvulT_qVj6Hb1AyKxnRxXOD80_w

Full Stack Developer,"Collaborate with the rest of the engineering team to design and launch new features. This role requires strong technical and collaboration skills, and knowledge…","SoundThinking, Inc. ",Full-time,New Jersey,N/A,https://d2q79iu7y748jz.cloudfront.net/s/_squarelogo/128x128/3ba4f550559d55e78375a3eaf9473afc,"['Computer science', 'Oracle', 'Computer Science', 'CSS', 'XML', 'Tomcat', 'Struts', 'Weblogic', '3 years', 'Java', 'SQL', ""Bachelor's degree"", 'JavaScript', 'JSP', 'Communication skills', 'Spring', 'HTML5']",/out?r=4EhRfkhHVkwek0Zzob1pqhpU9GsMNcU_DA87OdxQhUz8PFXG45MAhX9rcNt1cmsFeSGV-ULqUHen1LC20sa0FZzfqsqVfgf6Xrwxs704MduNAqkUUmtlpJw7Eoz-IMq6IgFWxR3Uh3B0xO0fqaUAptcdR-362ba30o2uwkpMXz48N9TDZWcWXaxx

Full Stack Developer,"You'll write efficient, reusable, and reliable code, while also supporting our front-end team when needed. Skills in *nix environments, especially Debian.",Stargazr UG ,Full-time,Remote,N/A,N/A,"['Flexible schedule', 'Computer science', 'CSS', 'React', 'Full-stack development', 'Bachelor of Science', 'English', ""Master's degree"", 'SQL', 'Pandas', 'Analysis skills', 'Math', 'Debian', ""Bachelor's degree"", 'PostgreSQL', 'Angular', 'Django', 'GitHub', 'APIs', 'Vue.js', 'Flask', 'Python', 'Under 1 year']",/out?r=sdW4MVNekc5zg84oPoZCeu48GL_q2DS-RoXx-oKC8htdRtPRmJDEDRdvXU2LkXYHZSMA4lIZVTa2d-DMEHLS9ucagNhVoaUTZHN9gya6B6zdu2ZY

Full Stack Developer,"Developer Requirements: Preferred: Bachelor’s degree in computer science, information technology, or a similar field. Experience with user interface design.",Bains Consulting LLC ,N/A,Remote,N/A,N/A,[],Job Expired

.Net C# Full Stack Developer [USA - Remote],Net C# Full Stack Developer candidate will work collaboratively with the Software Engineering team to develop and improve custom software solutions.,AURA TECHNOLOGIES LLC. ,Full-time,North Carolina,23/04/2024,N/A,"['Health insurance', '401(k)', 'Vision insurance', 'Employee discount', 'Software Engineering', 'Management Information Systems', 'Bachelor of Science', 'C#', '.NET', 'AWS', ""Bachelor's degree"", 'Machine learning', 'Scrum', 'Software development', '1 year', 'AI', 'Communication skills']",/out?r=C04oHmomP0zfB1Yy1R0NScoRbDuSv2_rJSTSNni1qv-gX84Nm7tzyTAGBy0q8t2tVeOV9f8Rem3PzR0WmgzfT5BoFwe4lybC2iU9fWf8ALsTbhFoWanCHYN6d8xvdInsb4BpnqETqhncGNwTbV5v1FEH24EVLUVK

Full Stack .Net Developer,"The role demands a blend of creative and technical capability to develop high-quality, scalable, and efficient web applications and services that meet and…",The Wolf Works ,Full-time,Remote,25/04/2024,N/A,"['Health insurance', 'Dental insurance', '401(k)', 'CI/CD', 'Computer Science', 'CSS', 'RESTful API', 'Full-stack development', 'Test automation', 'NoSQL', 'Git', 'Responsive web design', '.NET', '3 years', 'SQL', 'AWS', 'Analysis skills', ""Bachelor's degree"", 'JavaScript', 'Angular', 'Agile', 'Front-end development', 'Communication skills', 'HTML5', 'SDLC']",/out?r=v9uR5w4np4uEUigryOH-pdA7MAiH2mfU8IJB0qEMmCrNUhbZFWqyCUSUijOsErEK40riPJrVHWSjUkQRmMvn8abNgp0QQwatI0AG9Ggsw6a4OIBASr3wVb25T7Yw4AWt7-bv

Full Stack Developer,"Efficiently implement and refine pixel-perfect HTML/CSS/JS pages, accurately translating both high fidelity mockups and more conceptual design specifications…",Next Thing Technologies ,Full-time,Remote,18/04/2024,N/A,"['Health insurance', '401(k)', 'Paid time off', 'Elixir', 'Computer science', 'Node.js', 'Computer Science', 'CSS', 'Software Engineering', 'Full-stack development', 'Laravel', 'Google Tag Manager', 'Responsive web design', 'E-commerce', ""Bachelor's degree"", 'JavaScript', 'Computer Engineering', 'Software development', 'GitHub', 'Scalability', 'A/B testing', '1 year', 'Google Analytics', 'HTML5']",/out?r=aWAfITyQ8-Ih9msZlDxI-QS5CDNetB-xp8Cw5CAP8M64YnRArpH2F_fXIkZ8jCobFBwR4w9mRRPRyUFhJaNoUn7-BagZ8zVpz6OWY2YACUuvfe4yOD3UnvWUjjD2tEQ

Senior Full Stack Developer,"BS degree in Computer Science, Engineering, or a related field. Ensure robust integration of front-end applications with backend services.",SatRepublic ,Full-time,Remote,26/04/2024,N/A,"['6 years', 'Computer Science', 'iOS development', 'Full-stack development', 'Bachelor of Science', 'Mobile applications', 'Test-driven development', '3 years', 'Application development', ""Bachelor's degree"", 'JavaScript', 'APIs', 'Realm', 'Swift', 'TypeScript', 'Python']",/out?r=UNfW2quxr0BO1H7tLXN23bdciYVXylLIvDXK5OvpFB3p7CGZ9HxbRAtkUXQJy9gmSfOyO4N95IrkK3SyJJVR6N1FOcZG9usFqfSwl8n_Yb1H-AKJuzUySxZ92FZW21rBOfSo9v_g

Full Stack .NET Web Developer,"Implement front-end interfaces using HTML, CSS, and JavaScript, ensuring responsive and user-friendly designs. Understanding of UI/UX design principles.",LIGHTFEATHER IO LLC ,Full-time,Remote,24/04/2024,N/A,"['ASP.NET', 'MVC', 'Management', 'CSS', 'Software troubleshooting', 'Full-stack development', 'Visual Basic', 'Microsoft SQL Server', 'UI design', '.NET', '3 years', 'AWS', ""Bachelor's degree"", 'JavaScript', 'UX', 'APIs', 'Agile', 'Communication skills', 'Entity Framework', 'jQuery', 'HTML5']",/out?r=nYaL2SRihmNyfHafwJLz33kv_eUUEk6Rg7tpHIYJaUo-aqN9ewI_5w3wDxBm9EokpFkp8jboRQaZ_-B2c9GHRUIH-lhZhluc1R8aFoHHF_i0NDWV3-ZBvjELdAMtMg201Nrt8brWM4edzK__edX2hNGr7pklbWZEGkPzZhi7pw

Senior Full Stack Developer,"Bachelor’s degree in Computer Science, Engineering, or a related field, or equivalent experience. The successful candidate will be responsible for both front…","Spatial Front, Inc. ",Full-time,Remote,25/04/2024,https://d2q79iu7y748jz.cloudfront.net/s/_squarelogo/128x128/d8cbad9f7f5bbc3ad8ec3ec0246333e3,"['Computer science', 'Computer Science', 'CSS', 'React', 'Full-stack development', 'Database development', '5 years', '.NET Core', 'Microsoft SQL Server', ""Bachelor's degree"", 'JavaScript', 'Angular', 'APIs', 'HTML5', 'SDLC']",/out?r=xzmI3WlKwdMSirvfQ3n_YLxfa9-ct9g5lDOA4ZmiaXYVTXvEAN9HIoRanWGsvQYIid03LACV0D7suGeQNlHo34MAwBhixteEg6aYs2KDziELAy7TB4qhuXQSwh2gvpI_0oV7m4fIVVm5escpvAPK_9B9SSI1MJbGojx0lGgl468kj0fHYTpikGDKfaaQ8E6DIwCp1asgBa_A_NYjgJ_-McY

Full Stack Developer (C#),"Independent business problem solving, and technical design best practice ability is a must-have. Contribute to the technical design process, ensuring solutions…",Capstone Integrated Solutions ,N/A,Remote,N/A,N/A,"['Health insurance', 'Dental insurance', 'Paid time off', 'Vision insurance', '401(k) matching', 'Computer science', 'Oracle', 'Computer Science', 'Software Engineering', 'React', 'Bachelor of Science', '.NET Core', 'C#', '3 years', ""Bachelor's degree"", 'JavaScript', 'Computer Engineering', 'Angular', 'Agile', 'TypeScript', 'Communication skills']",/out?r=yeUpqblu7eDZN9JPhVfppY96to06icBJi59K_yyviy1Sqcm7ktTZyfsAjOVPD13oSFsLyjFqvcXuD-U

.Net Developer - Full Stack,"Gather business requirements, analyze, and create functional and technical specifications. Analyze and design SQL databases and database objects.",Zenith Services ,N/A,United States,N/A,N/A,"['ASP.NET', 'MVC', 'CSS', 'Software troubleshooting', 'Bootstrap', 'Full-stack development', '.NET Core', 'C#', 'Microsoft SQL Server', 'SSRS', '.NET', 'SQL', 'JavaScript', 'Angular', 'Knockout', 'SSIS', 'TypeScript', 'Entity Framework', 'HTML5']",/out?r=V2odznSfMOFd4I1B-urawPAhA3SR0DNKN_CFKhVjD4wFVcTCO0mXm4vTPyAh6PqpF5gon5ymSI_7epiHDstUgXZTpTd1I56i9SAFuIM9mYcu-CVxOGnX9ic0onxgIPadBA2I0vAsPlC_wxVzCxcurqwqkInYWm64qFqwie8

Full-Stack Developer // React and Typescript,"Excellent communication skills, with the ability to effectively communicate complex technical concepts to both technical and non-technical stakeholders.",Netarus ,Part-time | Full-time | Contract,Remote,N/A,N/A,"['Computer science', 'Node.js', 'Computer Science', 'Software Engineering', 'Software troubleshooting', 'React', 'Kubernetes', 'Web development', 'Full-stack development', 'Relational databases', 'Responsive web design', 'UI design', '3 years', 'Databases', 'Analysis skills', 'Docker', ""Bachelor's degree"", 'PostgreSQL', 'Computer Engineering', 'UX', 'APIs', 'TypeScript', 'Communication skills']",/out?r=0gQd50n2SCd_GigAbZKjkL0XhRRyrpO6dW1_y2G1SMoY4bx6GNUu0eWChLdXBzWlZmJnGUvuuSHDqu8k8ZYqJ7l2gu9FHJMFBd7hYmn1ovbbZrcu3gViLczWKMs22ipVgJGa

Full Stack Developer,"Familiarity with Agile development methodologies and tools. As a Full Stack Developer, you will be responsible for designing, developing, and maintaining…",LSPN PRO LLC ,Full-time | Contract,Remote,N/A,N/A,"['Paid time off', 'Work from home', 'CSS', 'React', 'WordPress', 'Web development', 'Full-stack development', 'Java', 'SQL', 'JavaScript', 'REST', 'Angular', 'Software development', 'APIs', 'Agile', 'HTML5']",/out?r=lIMJHngpGWh9Q53tNi6oA1kEwHLNrlsX_kX2jwoAhLqO2RUoX2D989SEXLjSTt4S63sKMsoWAZQa1O-sjmDtmuX41p75VxcUvIgg_cfsZ8Jd5etAGDAzDHXEFPPgmNo

Flutter Developer,"· Strong understanding of OOPs, design patterns and SOLID principles.*. · Familiarity with version control systems like Git.*.",hire IT people ,Contract,"Atlanta, GA",26/04/2024,N/A,"['Health insurance', 'Dental insurance', 'Paid time off', 'Dart', 'iOS', 'Git', '3 years', 'Flutter', 'Android development', '2 years', 'Communication skills', 'Design patterns']",/out?r=9Iax_VGxQ_rAdo9-Pm6Sl67FVYRTLdetrjkuUgxaGh4dSdTnAp_fqsj98KFevz0XM0duMF_D5hfZuFbw0ffMB0nMgCV3UQJJOiQORAF4w-9v5KNEDoCvISAaVFw

Mobile Developer – Flutter,"You will work collaboratively with our cross-functional team to design, develop, and implement high quality and scalable mobile applications that meet our…",Exaways Corporation ,Contract,"Atlanta, GA",26/04/2024,N/A,"['CI/CD', 'Dart', 'JUnit', 'iOS', '11+ years', 'Git', 'Google Cloud Platform', '8 years', 'Flutter', 'SDKs', '9 years', 'Android development', '2 years', '10 years']",/out?r=0n8JttT33jDwKhrWlzPZDED4dgP67lct8tjPhOA_MF3oG8OkBaNIzoKiB7wu4T9ux7YoFGssm-akEiRPvYPG6U0_l6gW8vp_22K23pLaLbyHxK_EyN8FvWqr-XggujTLbfSz

Mobile Developer – Flutter (Android )(Atlanta)(Kennesaw)(W2)(LOCAL),"You will work collaboratively with our cross-functional team to design, develop, and implement high quality and scalable mobile applications that meet our…",Creed Infotech ,Contract,"Atlanta, GA",26/04/2024,https://d2q79iu7y748jz.cloudfront.net/s/_squarelogo/128x128/b09ffc7ce8847ba2908d685c46060209,"['Health insurance', 'Dental insurance', 'Paid time off', 'CI/CD', 'Dart', 'CSS', 'JUnit', 'iOS', 'Git', 'Google Cloud Platform', 'Flutter', 'SDKs', 'Angular', 'Front-end development', 'Android development', '2 years']",/out?r=0v5_bd0aML1bHyfs6oQa2i67CQAdt0u6DSAweSLeK-IvpZnctUdQ4OwLZrJK6WxRq8XkKd999CX3lWn-HpqNqjILLdl9M2ulvH1Iy6_IOJ8OWdw_36gk6E8y7jjOZRgzYUyjopxJRN3jaCfr8x1Ht07x-L0t7RiEBFnG3Uzom5qW0g

Senior Flutter Developer – ATS Mobile,"The Flutter based Mobile App Developer will design, develop, and implement Flutter Apps and Plugins for Android and iOS to support business requirements/logic.",S2Alliance Inc ,Full-time,"Ashburn, VA",26/04/2024,N/A,"['Health insurance', 'Dental insurance', '401(k)', 'Jira', 'CI/CD', 'Computer science', 'Dart', 'Computer Science', 'Software deployment', 'Mobile applications', 'iOS', 'Java', 'Analysis skills', 'Flutter', ""Bachelor's degree"", 'Agile', 'Swift', 'Communication skills', 'React Native', 'Mobile design', '10 years']",/out?r=O4Nm4mKvr9S78Di9Zn8OwQGoUYAiIz1Y3D0Om1ObQVnNSVEc5HOtrmn4xOdNznWY2unl7X3FYCMAacMqsmpfxBTdyMVl6KGQo1n-b-JWZ7J_HSIBL4qnUzU8eFvf6DbNKcaV218fE011E3bsXnY

Flutter Developer,"You will work collaboratively with our cross-functional team to design, develop, and implement high quality and scalable mobile applications that meet our…",Data Inc ,Contract,"Atlanta, GA",N/A,N/A,"['CI/CD', '7 years', 'Dart', 'JUnit', 'PCI', '.NET Core', 'iOS', '11+ years', 'Git', 'Google Cloud Platform', '8 years', 'Flutter', 'POS', '9 years', 'Android development', '2 years', 'Communication skills', '10 years', 'Design patterns']",/out?r=MLzt3xI8ONPkUhI-QtwFKAgsCLrvNMu2bjXZnZ29nMzzOIUgykTGtSNZahhs-8gtdWv5pUodMYmw9npizF_xtl-ieo5cNfGzoVyFv2odj1GonpBixpvp9ASLdbI

Full Stack Flutter Developer (Mid-Senior Level) - Mobile and Web Platforms,"Bachelor's degree in Computer Science, Engineering, or related field (or equivalent experience). Collaborate with cofounders to translate requirements into…",ArtClvb ,Full-time,Remote,26/04/2024,N/A,"['Health insurance', 'Dental insurance', '401(k)', 'Computer science', 'Dart', 'Computer Science', 'Software troubleshooting', 'Blockchain', 'Mobile applications', 'iOS', 'Flutter', ""Bachelor's degree"", 'SDKs', 'Software development', 'APIs', 'AI', '4 years', 'Communication skills']",/out?r=8JjlugcPQRWY7TCMPSJSxkePkyT_jKYLTkgDTNOGpLK4O7Ouwd9ABejTo57HLbCiUxYHZJRklCTtXratTP8b-KJRvQExyhzakjGuetiNhI6sHw-iVk87kChBqI2U3r66rz_T-liezBoVbDCb6heSeiqog7HBAEloUTKENoZbJjfFJ3S27nc9oFD1bmlpjBwM_w

Flutter Mobile Developer,"Your responsibilities will involve: the full SDLC - design, build, testing and release of working software. Ability to deliver results using .",AK Information Technologies Inc. ,Full-time,"Schaumburg, IL",N/A,N/A,"['Health insurance', 'Dental insurance', 'Paid time off', 'C#', '.NET', '8 years', 'Flutter', 'SDLC']",/out?r=51knza7BKeZVbg-yY_K1qclu7JRX7Dc-6njgiEO9BAUVpbLUZ-6BhXg1ODNi4svsOo8xC5_VRfDc6M9b9eHqIzc9IxFtc4JuMj1OMrOMFFDFB8EO4JmqLN_Hm6tLgkaLPGC7

Mobile Developer – Flutter (Andoid SDK ) (W2 (local),"You will work collaboratively with our cross-functional team to design, develop, and implement high quality and scalable mobile applications that meet our…",Creed Infotech ,Contract,"Chandler, AZ",26/04/2024,https://d2q79iu7y748jz.cloudfront.net/s/_squarelogo/128x128/b09ffc7ce8847ba2908d685c46060209,"['Health insurance', 'Dental insurance', 'Paid time off', 'CI/CD', 'Dart', 'CSS', 'JUnit', 'iOS', 'Git', 'Google Cloud Platform', 'Flutter', 'SDKs', 'Angular', 'Front-end development', 'Android development', '2 years']",/out?r=t8RTYe_SQ7orfSZjmG8LU9tGeMmbdcF4WVe58_-QghQfQ0A3M15gwJSKFBcmOSg9EDEN3RDvCt5m8GsHBA5JP-cPhlleiWuqDE9Wb8MOKScrG3jZfU_GuDb6sPlqR6Hx3P4vdsJkuo_msLEbFkon68H8li_POaM

Flutter Developer Senior,"Bachelor’s degree in computer science or related engineering field with 9+ years of technical experience. The Flutter based Mobile App Developer will design,…",SAIC ,Full-time,"Ashburn, VA",18/04/2024,https://d2q79iu7y748jz.cloudfront.net/s/_squarelogo/128x128/f572dc4dab0b3c8da0cdfbe92c54856d,"['Jira', 'CI/CD', 'Dart', 'Computer Science', 'Software deployment', 'Mobile applications', 'iOS', 'Java', 'Analysis skills', 'Flutter', ""Bachelor's degree"", 'Agile', '9 years', 'Swift', 'Communication skills', 'React Native', 'Mobile design']",/out?r=xyYZn_0y-tHU0dKZDUL9ejZ8CCbLc7CgLMeOmyVVA0fLdvwdx1n4JLpGF3e2AXxgGjgk3Zb7pFfx3DUE34BgwsBCXbDHmKFCqIF7ko-ACwR_NX2DtiV9ysOkddp3V4CXZnSutli7RWRsA59-2iDrjEysgQ7xmK-_trLvI3Xe0aYc7o2_i4EqPwfMTdaen8hC6x0PXzTqr8baKy4nQThbajZaM6X7J7HsygG7LYPSovf7MAgDpAx4EPpILXRLtIXySqqez8JcMRdoV6HDdW8vbn17WHS12jq7KyV7zJ_t6hOhKnfwCGuLghz7JVrsT51EU9ihSElKfDdCcl-FWjimNFFZivcIGoE0sIuUFu4ecm9Djvg2KA2zPUBrv4TpdhEBcWHUp0JeHuHsGH2akZPpjXiugD_soOym67n5J1wmTf19QfzKoAQPdUcJNjATu9nzFY3EHnI1H4UqieETH2MGMPp0QBYQ6aSXPWyNxOQFGsCA9qU9uxq755NlvB9laysYu-TeByNWnU2ReppBdCm4v14mF9j8L9P-tSqgPUX3EeesmnLIvCzZ8sEhjpb5S4e1WA

Senior Flutter Developer (Hybrid),"Midsize and enterprise companies can also take advantage of inecta’s library of demand planning and business intelligence tools, which work actively to optimize…",iNECTA LLC ,Full-time,"Manhattan, NY",N/A,N/A,"['Disability insurance', 'Health insurance', 'Dental insurance', '401(k)', 'Flexible spending account', 'Paid time off', 'Full-stack development', '5 years', 'Mobile applications', 'ERP systems', 'Google Cloud Platform', 'MongoDB', 'Microsoft Dynamics 365', 'UI design', 'Application development', 'Flutter', 'PostgreSQL', 'REST', 'UX', 'APIs', 'JSON', 'Communication skills', 'MySQL', 'Design patterns']",/out?r=YgLy3nL8T4rXpc7IRknUnGJSfsRHIoTt-JRM_erXivGoXREFcBDfi5L6YZMAnxCY2vBEdDdP3_cbYr5XGXgyxY7ceT6v99d_gyHvavcmX0QljVwbqRTKZQ57b82aRfNA4Nj8eYSr3ydCoXQUBSNGdWsDXEHC

Senior Mobile Engineer - Flutter,"A wealth of knowledge in software engineering tools and best practices, including build tools, unit testing, test automation, and continuous delivery.",Henry Meds ,N/A,Remote,27/04/2024,N/A,"['Unlimited paid time off', 'Dental insurance', 'Paid time off', 'Vision insurance', '401(k) matching', 'Growing experience', 'React', '5 years', 'Mobile applications', 'iOS', 'Flutter', 'JavaScript', 'Wireframing', 'APIs', 'User flows', 'Agile', 'Unit testing', 'GraphQL', 'TypeScript']",/out?r=kdXbkCHreEICR7le-bzrE3hYbx3T-A2lyyKMwXjLHTmpi_9u1GA1jVNbj03dsbya1a5CJb0JllT_ips

Developer II,"Bachelor's degree in Computer Science, Engineering, or a related field. Property Estimating Solutions — offers property estimation software and tools for…",Claims Solutions ,N/A,"Lehi, UT",24/04/2024,https://d2q79iu7y748jz.cloudfront.net/s/_squarelogo/128x128/03db36f4be7994128e3df5e8fe8e1e31,"['Kotlin', 'Computer Science', 'iOS development', 'Mobile applications', 'C#', 'iOS', 'Objective-C', '.NET', 'Java', 'Application development', 'Flutter', ""Bachelor's degree"", 'Continuous improvement', 'Data analytics', 'Scrum', 'Agile', 'Swift', 'Leadership', '2 years', 'Communication skills', 'Mobile design', 'Design patterns']",/out?r=VqFH7jYqfheLEl3bGZOKngsv8Lw2G-ZoLERhJDjIRN9V0onwrpn4DSvkKAvFOTLIrb44Km3uDQB9zx-IWKPaRUakAleBCEAILVJZP0pVyur3_9QzV9MNQY1lDWCrKe2Vj3jKGg

Mobile App Front End Developer Assistant,Knowledgable at Web performances optimization and front-end effect implementation. Actively cooperate with back-end development engineers to complete the…,AIYA TECHNOLOGY SYSTEM LLC ,Full-time,"Brooklyn, NY",27/04/2024,https://d2q79iu7y748jz.cloudfront.net/s/_squarelogo/128x128/e555a3108cad8329c9799700e4da4597,"['Health insurance', 'Paid time off', 'Mandarin', 'Computer science', 'Computer Science', 'CSS', 'English', 'Application development', 'Analysis skills', 'Flutter', ""Bachelor's degree"", 'JavaScript', 'ECMAScript', 'Front-end development', '1 year', 'Communication skills', 'jQuery', 'HTML5']",/out?r=MqctUl3e1EMAY7FhcgwuJP91AAtLI9xylrbFbPjcOCIFw0n5mfVClVfcLTKdVG0tP6srjmbRn0-1NpTp8PDaEEeLovZUtaTESUwp0ZAeOMgCHl-VHI4GxKDY8g0xIWgl-L22lVBTDIdT_mM2AqTWVGi7Kg

Mobile App Developer,Mobile App Developers requires a strong mix of communications skills and hands on technical trouble shooting to support application issues and application of…,Leidos ,Full-time,Virginia,27/04/2024,https://d2q79iu7y748jz.cloudfront.net/s/_squarelogo/128x128/a4c4725ec51d06ae791e00e585da5f6b,"['Jira', 'Spring Boot', 'CI/CD', 'Dart', 'Node.js', 'Software troubleshooting', 'Bootstrap', 'React', 'iOS development', 'RESTful API', 'Bachelor of Science', 'DevOps', 'Mobile applications', 'iOS', 'Struts', 'NoSQL', 'Java', ""Master's degree"", 'JSF', 'Application development', 'SQL', 'AWS', 'Flutter', ""Bachelor's degree"", 'JavaScript', 'PostgreSQL', 'Back-end development', 'Angular', 'Agile', 'Kafka', 'Unit testing', '4 years', 'Communication skills', 'Hibernate', 'MySQL', 'Design patterns']",/out?r=BFiBSFqoKdIRXrBoD0p_QrwATmprFWGISCXTp5nTejQNFONLlMlcMbmYn5LHA95xVwHUg7q82TLH964kC__C05_ScBbQ2TbDihPesAJP8Hc0PDSmhFgrSMHwYh-L9uKZimSID9JbVFlak7yN-GfmNsWv1sHe6KPLfPkgLiIoRBzwbrAa0XM1z7e0VTyv

Developer Advocate,"Active in online and offline developer communities and ecosystems such as open-source platforms, blogs, YouTube video series, tech conferences, hackathons, meet…",Sendbird ,N/A,"San Mateo, CA",N/A,https://d2q79iu7y748jz.cloudfront.net/s/_squarelogo/128x128/c7c3de893c2e29630208492db4fe07e0,"['Health savings account', 'Disability insurance', 'Health insurance', 'Dental insurance', '401(k)', 'Flexible spending account', 'Paid time off', 'Parental leave', 'Vision insurance', 'Gym membership', 'React', 'iOS', 'Flutter', 'SDKs', 'Software development', 'APIs', 'SaaS', '4 years', 'Communication skills', 'Marketing', 'React Native']",/out?r=KB2TjSBXLVnn7TJK2Rz7_2M9QK3IA5B2smA2rOLt30-5ytwk4dHP13FXQbhvQfnxt9_a_FMP5qdLwxo

"Front End Engineer II , Amplify-Flutter","1+ years of computer science fundamentals (object-oriented design, data structures, algorithm design, problem solving and complexity analysis) experience.","Amazon Development Center U.S., Inc. ",Full-time,"Seattle, WA",N/A,https://d2q79iu7y748jz.cloudfront.net/s/_squarelogo/128x128/3e9d43f5c277de169808abdcaf49ba2c,"['Health insurance', 'Computer science', 'Dart', 'Computer Science', 'Software Engineering', 'Data structures', 'OOP', 'AWS', 'Analysis skills', 'Flutter', ""Bachelor's degree"", 'Software development', 'GitHub', 'Agile', 'Front-end development', '1 year', 'Communication skills', 'React Native', 'SDLC']",/out?r=nrKU5_PvNO5AS_8ZWUSR3HupwvwiNWOwBTDBg6foobN8vBh0HSg1zGirT6Jm2JipKqdLQI1bM5odJY3PLKr-0Rp7DblXIjccApQeXvRmu8tF9lwfUO10pVjlYo_OMMWdMaMkwptFhFSUtE2J9kafan-e-k7CQAicmcJ2ishVBA

"Web App Developer I (Part-Time, Variable Hour)","Advanced understanding of web design principles, user experience (UX), and user interface (UI) design Awareness of web security best practices and principles.",Utah Valley University ,Part-time,"Orem, UT",26/04/2024,https://d2q79iu7y748jz.cloudfront.net/s/_squarelogo/128x128/9b71ea7d684efafce084e2f3c2dd2bc0,"['Web design', 'Dart', 'Web analytics', 'CSS', 'Bootstrap', 'Customer service', 'Git', 'UI design', 'SOAP', 'PHP', 'Flutter', 'JavaScript', 'REST', 'Mentoring', 'SEO', 'UX', 'APIs', 'Agile', 'Web services', 'UI', '1 year', 'Vue.js', ""Associate's degree"", 'Communication skills', 'Python', 'jQuery', 'Debugging', 'HTML5']",/out?r=8FiWJ5HCKMnt37bAPRiRf8aHQUot5y66gfTjXnJiUJOaKFxMrHz_fIG48EN1Gc_XUipOSO6F-ZvUk537grfZrA9TWw_9P9I16qwbssAp_EdyrE7s9USKcxF9jAjsOcVEpPWar2few2reOGOqLhpKNuqDoDqdWV0upmdR1L3wNw

Accessibility Software Developer (Contract),Collaborate with design and UX teams to ensure that accessibility requirements are integrated into the design and development process from the outset.,TCC Solutions ,Contract,"Indianapolis, IN",20/04/2024,N/A,"['Web accessibility', 'Computer science', 'WAI-ARIA', 'Computer Science', 'CSS', 'Mobile applications', '11+ years', 'Responsive web design', 'Flutter', ""Bachelor's degree"", 'JavaScript', 'WCAG', 'Communication skills', 'HTML5']",/out?r=9hpt4aPAqiKDo9n2bdzjVmmk4aIN3YMF8dVzO0cvN-im68zX-tvCzjWAaC3wS9_7PXlRIQIzzye-yjWpOpsKjvBVZ_PuL_k9AVJBhoX1C9qAMUgkmc7GDV7Jks4uK8Ay

Senior Mobile Android Developer,"Application Design, Architecture: Knowledge of application design activities, tools, and techniques; ability to utilize these to convert business requirements…",My Bambu ,Full-time,"West Palm Beach, FL",N/A,N/A,"['Health insurance', 'Jira', 'Bilingual', 'CI/CD', 'Spanish', 'Kotlin', 'MVC', 'Computer Science', 'Software troubleshooting', 'RESTful API', '5 years', 'Mobile applications', 'Test automation', 'Git', 'Android', 'UI design', 'Java', 'Application development', 'Databases', 'Flutter', 'Project management', ""Bachelor's degree"", 'SDKs', 'Computer networking', 'UX', 'Software development', 'APIs', 'Agile', 'Web services', 'SQLite', 'Unit testing', 'Business requirements', 'Android development', 'Leadership', 'Communication skills', 'React Native', 'Debugging', 'Mobile design']",/out?r=fsXycGtbCwSlPKEx58xNEX5VZD7bVPUY2Zy-AXGCIc1IqFGUf3sx2Ve_vWyI_-cL72wmjkd00b16lBUE7mKBfzW2NgKCL-VqRujOGBLg38EuQQ86mUejoeruwiIFR5KKSRin-2dhSNV6ktjrmdA-NXNZ5p4Spg

"Staff Software Engineer, SDK",Lead engineering discussions and mentor others on engineering best practices. Lead cross-functional collaboration with product and design teams to iterate on…,Amplitude ,N/A,"San Francisco, CA",26/04/2024,N/A,"['Paid parental leave', 'Employee stock purchase plan', 'Health insurance', 'Dental insurance', 'Paid time off', 'Parental leave', 'Vision insurance', 'Volunteer time off', 'CI/CD', 'Full-stack development', 'Medical office experience', 'Flutter', 'JavaScript', 'SDKs', 'APIs', 'TypeScript', 'React Native']",/out?r=GKuJb_oKpxOv1tUd_jEtbc_3VlzIq18mMbuF-hMh5y4Rt4j1mSdBdSACyuTn8VorPQSqeNMOJBJmrL8

AWS Cloud Operations Engineer II - Weekend Shift,"Under the direction of the Manager of Cloud Infrastructure, the Cloud Administrator is responsible for using their technical expertise to monitor and support…",PAR ,N/A,Remote,27/04/2024,N/A,"['Jira', 'Cloud infrastructure', 'Kubernetes', 'Microsoft SQL Server', 'MongoDB', 'Windows', '3 years', 'Bash', 'SQL', 'AWS', 'Docker', 'PostgreSQL', 'New Relic', 'Scripting', 'POS', 'Linux', 'DynamoDB', 'AWS Certified Cloud Practitioner – Foundational', 'Python', 'PowerShell', 'Shell Scripting']",/out?r=8X33tlTspDEC_cMEF63_fKLF0ieidUCnQBWnDF78dpyvOfJKS8nyU6RjREj3db4cNjoMaescx1oEEvs

Cloud Engineer,"Bachelor's degree in Computer Science, Information Technology, or related field. Provide guidance and support to junior team members on cloud architecture,…",BDR Solutions ,Full-time,Remote,26/04/2024,N/A,"['Spring Boot', 'CI/CD', 'Cloud infrastructure', 'Azure', 'Cloud architecture', 'Computer Science', 'Kubernetes', '5 years', 'DevOps', 'Mobile applications', 'AWS Certification', 'Java', 'AWS', 'Docker', ""Bachelor's degree"", 'Terraform', 'Contracts', 'Play Framework', 'GitLab', 'Communication skills', 'Spring']",/out?r=dHqF7-utoDbC25w268lCmHjwjZvLV4obGJhwnz3qsX-EF9UXiCWIxM7LZe3vdvIAc39x1Zg76NM4yLxEe0KAnBYojXZ5Ru7aiWm_sRf5M5xFUAyrF-Qb

Azure Cloud Engineer FULLY REMOTE,"Bachelor’s degree in computer science, Information Technology, or related field. Proficiency in PowerShell scripting and automation tools.",Slavic401K ,Full-time,"Boca Raton, FL",27/04/2024,https://d2q79iu7y748jz.cloudfront.net/s/_squarelogo/128x128/bd52684893b3dc39f93e3e4eb140bf8d,"['Paid parental leave', 'Health insurance', 'Dental insurance', '401(k)', 'Tuition reimbursement', 'Paid time off', 'Parental leave', 'Employee assistance program', 'Vision insurance', '401(k) matching', 'Life insurance', 'Pet insurance', 'CI/CD', 'Power BI', 'Cloud infrastructure', 'Azure', 'Computer Science', 'Data lake', 'Software deployment', 'Salesforce', 'DevOps', 'Disaster recovery', 'AWS', ""Bachelor's degree"", 'Scripting', 'IT', 'Communication skills', 'Data warehouse', 'PowerShell', 'Active Directory']",/out?r=ozBVsyOGPhb9MEiegsb2_zMHg666gR_7ZOyPIiFD69ahfeyK7bNBtInGcXwFnsW0V1ZtgMdAh1HliHvX99WMCIQSCjy5tEK0g5JMWqyRoInL6EAs6XlZt4ExxzljWzJ2D5akc2nTvcGaioUYSAxp_Q7iOhcm1zXpMOqCPoU5CZ74sDJlxTOAecAAc7SCWqjXMSLRPodfO1b9q68eqp-MvNaH1i2o3IjA21HF0roImM56_7iWoTvieAulXJBTXuenQF2U8xirbbHenfxaIJkWmRiiwgtx-lk3K1AyS1bmLJUaDPD-c_vn3ZL2Y-rCJvxc

Cloud Engineer,"At the direction of lead architects, develop and implement technical efforts to design, build, and deploy AWS applications, including large-scale data…",F&A Technologies LLC ,N/A,"McLean, VA",19/04/2024,N/A,"['AWS Certification', '3 years', 'AWS', 'Math', ""Bachelor's degree"", 'Machine learning', 'REST', 'APIs', 'IT', 'Web services', 'SDLC']",/out?r=s007s0CrrZqxdUDwpmUq6Awuph4T3hYwv3ueiGNE9DihSFjVZr8Glf8woHBLbDFyaoRLvkMmx4DYTNHiwmWP8QnRlDllf9-ka6_tDKPzT8kx3rHf5p5Q39nmTDTPQHEkpnHIZxs

Cloud Engineer,"Administrative knowledge of ALM tools like Jenkins, Bitbucket, Git, Sonar, etc. Hands-on experience in platform automation with experience in tools such as…",Apptad Inc ,Full-time,"Dallas, TX",25/04/2024,N/A,"['6 years', 'Go', 'Kubernetes', 'DevOps', 'Spark', 'UNIX', 'Git', 'AWS', 'Docker', 'Terraform', 'Perl', 'GitHub', 'Agile', 'Kafka', 'Jenkins', 'Python', 'Shell Scripting']",/out?r=DfJzQBrvMjkMrFBYZW8y-CRg_RPbniS1YdJ04GIIAADMebb0bl8LfI_WsWAPl5F2UaMd4F6cgVmyCnHKAFtVsuFd-avcZ4nV0O6xbrHhqfzVPYpDv47HJ24

Cloud Engineer Re-Forming,"Responsibilities also include creating custom OS and application images, automating configurations, contributing to security audits, providing technical support…","SHR Consulting Group, LLC ",N/A,Remote,27/04/2024,N/A,"['Cloud infrastructure', 'Ansible', 'Google Cloud Platform', 'AWS', 'Terraform', 'AI', 'Python', 'Analytics']",/out?r=qGEkdug-cLY75hPhJx680QDagKaNW3qcbPFODqCMpRACKXquBLUKjBki9CUxauS7VBfb8nsU5-SoUl4DBH5w-ga-BmhRXHukUAbaIveNQxiE60JySgJQ53VObj0zygvuTuN32if_HxHpe5tNEKHYy85MciocpcHnW78CMrfYC7khoUvr6usKExiTy6oK3XjVbHXrgb0qhjNkJiq7Eu_He1QaZvn9vPXwWw7HzPkBVJTkHEwKKTmxpRRZQvoIcu0pS7LvXA_BpD2oE9v0

Cloud Engineer,"With 25 years of experience, Trinity is committed to revolutionizing the commercial model by providing exceptional levels of service, powerful tools and data…",Trinity Life Sciences ,N/A,"Waltham, MA",24/04/2024,https://d2q79iu7y748jz.cloudfront.net/s/_squarelogo/128x128/c3d8359bf2a51e9fa278d43d7656f99c,"['Computer science', 'Azure', 'Computer Science', 'Google Cloud Platform', '3 years', 'AWS', 'Analysis skills', 'Communication skills']",/out?r=Oj13tGgfjT_SwZj9ovPk6ehLuGGhfRFI-jfMmPsc0AUVjoBZYj3ZE9UZPj0S6ZFzXcirR_rDITUR3_wqT6ldzKbKjgr0rPQDYxQ-eDVj8CAMslE-TG0731-8f15755leYqu60GbHeLqQNevPLPV3gUVsXFz7KfBoh9ddtEhzUPYEf97cIozlLNKufMXNId6sSxrtEBreLOP2osGcJseGoZyjGw

Cloud Engineer,Demonstrated experience developing web applications using ReactJS for front-end UI/UX. Demonstrated experience using Python to develop web backend services.,Quevera LLC ,Full-time,"Fairfax, VA",17/04/2024,https://d2q79iu7y748jz.cloudfront.net/s/_squarelogo/128x128/aebe52eb4eb496cfb63954f314172df2,"['Health insurance', '401(k) matching', 'Go', 'Management', 'Node.js', 'React', 'Ansible', 'RESTful API', 'Load balancing', 'Host/hostess experience', 'Microservices', 'PKI', 'AWS', 'NIST standards', 'JavaScript', 'PostgreSQL', 'REST', 'Computer networking', 'UX', 'S3', 'Web services', 'UI', 'Linux', 'JSON', 'Machine learning libraries', 'Python', 'HTML5']",/out?r=fcM7TPKNZAYPQ2GgIwuL-7bD3Uh34Vpod60VLOH6h-1LWA8E12c2WF8XtMMkxVzNyiln6f4Ecg5iF2_Ytls0pZpIBXG-c_lRCv_90pAADySk2UtOF7MQnbgWr2usvjftY73h2vO6JrwpA53O7gZiA21royHJUNcVaL__XeUmFVR-7M0nzPZnqwTQFE2Tn-27noAurUX5x_hlklm-ThfgMBeRh4PxVMUFxn59BYIYdwDZRLemqBZTCGIfHcZPc--Xq6ypgeb-XL96X0zw

Cloud Engineer,"Bachelor's degree in Computer Science, Information Technology, or a related field; or comparable experience in a professional setting.",Schrödinger ,N/A,"Portland, OR",18/04/2024,https://d2q79iu7y748jz.cloudfront.net/s/_squarelogo/128x128/e431b9a20d5d0edbc494f8c66803cb1c,"['Commuter assistance', 'Health insurance', '401(k)', 'Parental leave', 'Vision insurance', 'Flexible schedule', 'System administration', 'Azure', 'Computer Science', 'Ansible', 'DevOps', 'Google Cloud Platform', 'Bash', 'AWS', ""Bachelor's degree"", 'Terraform', 'GitHub', 'Linux', 'Python', 'Shell Scripting']",/out?r=0yQX5yF3FejXYCxHdt00IfsroWhuPT4KfOLSx1kM_VebfJxBVv0WlkSQdQw0cUnhJhzHIkSyrJ6yNjE

Cloud Engineer II,"We are a full-stack shop consisting of product and portfolio leadership, data engineering, infrastructure and DevOps, data / metadata / knowledge platforms, and…",GSK ,N/A,"Philadelphia, PA",26/04/2024,https://d2q79iu7y748jz.cloudfront.net/s/_squarelogo/128x128/28b9d8c8de2c23385f33b83ab16db15d,"['Jira', 'CI/CD', 'Cloud infrastructure', 'Go', 'Cloud architecture', 'Computer Science', 'Kubernetes', 'Software deployment', 'DevOps', 'Git', 'Google Cloud Platform', 'Java', ""Master's degree"", 'AWS', 'C++', 'Docker', ""Bachelor's degree"", 'Confluence', 'Scala', 'Terraform', 'Software development', 'GitHub', 'Agile', 'Metadata', 'AI', '2 years', 'Python']",/out?r=fBH20AVKABjHhgGIHQB2-XSDsUH6qUjm4-U5M9zWxcpIcrvDPkV2S3r0z_zJf9v1uMn5NKGJZHdvvDeUA9dnHX0oNo9s9Es6Ryl9qLzcESxclVjO2-hNsYU

Cloud Engineer,"You should be able to demonstrate technical ownership across assigned strategic customer accounts, bringing emotional intelligence and clear communication to…",Fastly ,N/A,"San Francisco, CA",23/04/2024,https://d2q79iu7y748jz.cloudfront.net/s/_squarelogo/128x128/dd9f6bf2d8c7e1a06abfe21ee3f926cf,"['Employee stock purchase plan', 'Health insurance', 'Dental insurance', 'Employee assistance program', 'Vision insurance', '401(k) matching', 'Paid sick time', 'TCP', 'Azure', 'Go', 'Cloud architecture', 'Node.js', 'Web development', 'Sales', '5 years', 'Load balancing', 'Writing skills', 'DevOps', 'Google Cloud Platform', 'E-commerce', 'AWS', 'Analysis skills', 'Presentation skills', 'Perl', 'BGP', 'Scripting', 'DNS', 'Ruby', 'Agile', 'Cloud computing', 'Linux', 'JSON', 'Apache', 'HTTPS', 'Communication skills', 'Python', 'Pre-sales', 'NGINX']",/out?r=f_-Ci16iZBBtSHKgqjhNwPZyoB3MOgCNQihsREo4hSwjcibMKuRLk0iKI-OwK8RJT1623oBHvdX1ERw

Cloud Software Engineer,"Design, develop, and implement highly available, multi-region solutions within Microsoft Azure. Bachelor’s degree in Computer Science, Information Systems, or a…",Velosys ,Full-time,"Dallas, TX",26/04/2024,N/A,"['Health insurance', 'Dental insurance', '401(k)', 'Flexible spending account', 'Paid time off', 'Employee assistance program', 'Vision insurance', '401(k) matching', 'Life insurance', 'CI/CD', 'Computer science', '7 years', 'System administration', 'Azure', 'Management', 'Computer Science', 'Ansible', 'Software deployment', 'DevOps', 'Git', 'Information Systems', 'Information security', 'Databases', ""Bachelor's degree"", 'Terraform', 'Perl', 'Scripting', 'Agile', 'IT', 'Puppet', 'Leadership', 'Communication skills', 'Python', 'PowerShell']",/out?r=SzqePnf52uwbVVgsQEx-W-cyuQ6KvG5mYgMpcLzsfvXSx_yq8xK3KuwSCZh7QvXzS35W831R7QvIMssVF__KYUoRBXpadZmSmTtDELtRSUho7Qvbu3Kq-MPLxcTAU656n5k

Cloud Engineer,"At the direction of lead architects, develop and implement technical efforts to design, build, and deploy AWS applications, including large-scale data…",Aersale Inc ,Full-time,"Miami, FL",23/04/2024,https://d2q79iu7y748jz.cloudfront.net/s/_squarelogo/128x128/b9d4c9109a77c17d116fbed5f5a97e16,"['Employee stock purchase plan', 'Disability insurance', 'Health insurance', 'Dental insurance', '401(k)', 'Tuition reimbursement', 'Paid time off', 'Vision insurance', '401(k) matching', 'Referral program', 'AWS Certification', '3 years', 'AWS', 'Math', ""Bachelor's degree"", 'Machine learning', 'REST', 'APIs', 'IT', 'Web services', 'SDLC']",/out?r=ZHH1dsYTSLNoeKim3mUexLuzIbU9E44W8JyeUub12H_CaJ-TVWMRV29YTrXltQig1gHf3Z7JgBBXYqowbPBztSeCsSo8MAylaY0_Y7coe7MurHdNNyytrKuVCsGePGtZEWhZ31IbOrS9BbFg5ULjjC3ZX4dcxPVWh-AOiCGuajVYDSVWT80Wym7ApTMNGkmkEqZ1SgUhs1ZbggsbDLrD3EM9HNk_9elPfE4ncF7kDRFUv42Eml3mqxSUC8-Xy_mnjLHs-G1FDebAbEkecWpp9nMb0_TyZS78NzdBP123E5nZWT6XX0srng

DevOps / Cloud Engineer,"Bachelor’s degree in Computer Science, Engineering, or related field (or equivalent experience). Participate in risk analysis, vulnerability scanning,…",UI Solutions Group ,N/A,"Chicago, IL",27/04/2024,N/A,"['CI/CD', 'Computer science', 'Cloud infrastructure', 'Cloud architecture', 'Computer Science', 'Kubernetes', 'Ansible', 'DevOps', 'AWS Certification', 'AWS Certified Solutions Architect – Associate', '3 years', 'Bash', 'AWS', 'Docker', ""Bachelor's degree"", 'Terraform', 'Scripting', 'Computer networking', 'Vulnerability management', 'AWS Certified Solutions Architect', 'AWS Certified Cloud Practitioner – Foundational', 'Communication skills', 'Python', 'Shell Scripting']",/out?r=-Vqh9cZ2qNqZzYILVQERV3bzt8CeXaxJzC0TKY3TMUyR85QCjoPoUQa4j1vGr3j79trbux6iloYEkQu_w-dD9J2ObBGo8I-mOD155ZG7_QBrXDsXtym9YWt9AJ8d0nGh15-GxVvPRzcAw3rx0BA0vWBu0D3q_VZ4wwY88NtEZJwnOPU0EOaOUcA7corXHx_hBeD7Jxo4PRMyE0nY29R3N0T62y7gc-tQsSVfn4oZKAC-G6WBovG5mwUgtWmPaIq1WE_kKm2pbSaFUsxI

Cloud Engineer,"Candidates should possess a Bachelor's degree in computer science or a related field, along with 5-10 years of relevant experience; You should demonstrate…",Kinsei Talent ,N/A,"New York, NY",26/04/2024,N/A,"['Investment management', 'Go', 'Management', 'Computer Science', '5 years', 'System design', 'Cloud security', ""Bachelor's degree"", 'Linux', 'Communication skills', 'Python']",/out?r=p9x8XxcvJ9_hkVHcVX0dCkldn2vTbJ0Eqb9Lw87HwD_VUfv5GqTiJcg3dQUQYcUVgHMm8CZZYV-9m7FxNtbJewdRmG3DOMhMtseuP3JPsCyu6ob4UXdSbP9QRrzRywO_w2Fr5dxA1rQrJxmyslSDCCDlcv-uf7vB

Staff Software Engineer (Backend) - Cloud Platform,"Bachelor's degree in Computer Science, Engineering or a related field, or equivalent training, fellowship, or work experience. Participate in on-call rotations.",IonQ ,N/A,"Seattle, WA",26/04/2024,https://d2q79iu7y748jz.cloudfront.net/s/_squarelogo/128x128/3e1e00d415ca8cc4362c0e9e5eb6abac,"['Internet reimbursement', 'Health insurance', '401(k)', 'Paid time off', 'Parental leave', 'Vision insurance', 'Pet insurance', 'Authentication', '7 years', 'Azure', 'Go', 'Computer Science', 'Kubernetes', 'Data structures', 'Encryption', 'System design', 'NoSQL', 'Google Cloud Platform', 'Databases', 'SQL', ""Bachelor's degree"", 'Machine learning', 'JavaScript', 'PostgreSQL', 'Distributed systems', 'APIs', 'Project leadership', 'Leadership', 'TypeScript', 'Communication skills', 'Python']",/out?r=sptzNpTXDU-SNo32vkLiBI3SPKreLiVNQpzC9NrVFPZMrhU16DV049_LfO1ke3l5Jo_YN7mex3Wob-4

Infrastructure Engineer / Cloud Engineer,Bachelor's degree in a relevant field (master’s degree is a plus). Knowledge of industry-standard hypervisors (certification is a plus).,ERP Suites ,Full-time,Remote,19/04/2024,https://d2q79iu7y748jz.cloudfront.net/s/_squarelogo/128x128/45ec91af10cdbe96669505d8884ea187,"['Cloud infrastructure', 'Cloud architecture', 'Ansible', 'Disaster recovery', ""Master's degree"", 'AWS', ""Bachelor's degree"", 'VMWare', 'Puppet', 'Chef', 'Communication skills', 'Identity & access management']",/out?r=NUc5_itUC74owxyVQFM8dPxMc0nB4aPuGIu_eDuel_l_j5llkiLt1NzQEJq2O5F-SLMpmxHzGH0Ew1sgn5icFU_SktHyGeECiL7MKWq5OxZOuuUcFduFg97CwYGS_L-67Dy0k4uGUkVf_bUAN5KEG2g7P86v5YzA3GUX6dDJwHDz9-XmvzA

Network Cloud Engineer,"Collaborate with other teams and stakeholders to define technical requirements, develop network architecture, and identify risks and mitigation strategies.",TechSur Solutions ,Full-time,Remote,19/04/2024,N/A,"['Health insurance', 'Computer science', 'Cloud architecture', 'Computer Science', 'Google Cloud Platform', '3 years', 'AWS', ""Bachelor's degree"", 'Terraform', 'Network architecture', 'Design patterns']",/out?r=dbbPR0ly1nhMekbWBsdluA1xIzTS57_erkbIXUCgw8v2GQYYKOZ6acWKt6C1ruZ3OK3hLJgoOPHKJbo5GfgS4iljEMSIZJBEUqXqcLzCLIRLBG3G7N8fBghpCG8VW__-HjVSkXl21XwEeZcRGVkl64n56B03ihw

Salesforce Marketing Cloud Personalization Engineer (Remote),"Excellent communication and interpersonal skills, with the ability to collaborate effectively with both technical and non-technical stakeholders.",Ford Motor Company ,Full-time,"Dearborn, MI",20/04/2024,https://d2q79iu7y748jz.cloudfront.net/s/_squarelogo/128x128/3244b2d8bed9de08068cae358d9573d2,"['Health insurance', 'Dental insurance', 'Tuition reimbursement', 'Paid time off', 'Parental leave', 'Employee discount', 'Prescription drug insurance', 'Salesforce Marketing Cloud', 'Computer Science', 'CSS', 'MCP', 'Information Systems', '3 years', 'Analysis skills', ""Bachelor's degree"", 'JavaScript', 'Communication skills', 'Marketing', 'HTML5']",/out?r=T1wogHmVfZIGnqkRzygBLZopV-JiiBXf9zao7TtG4eaCVbxoQ-9HdQFZGhg8sgjI_3RcqIiU36oV3twoFvm7iqnOX_toBr9xqcPNFgoDoBjaHt03UMuC7UYsv-QcsVKmtUPGRNGyS_yw4mpPXG3pD4C4inwaJSsPLIdC8vDWbEpf1MgKu5c

Cloud Engineer,"Strategize and plan an entire project, including moving the data and converting content as necessary, while considering risks and potential impacts.",eMaestro ,Full-time,United States,26/04/2024,N/A,"['Data modeling', 'Google Cloud Platform', 'Apache Hive', 'SQL', 'Data management', 'Scripting', '1 year', 'Communication skills', 'Hadoop']",/out?r=wsduGJs9izJzbsUnOsGyxQmG8-BeVZEknGS3oiPOblI9xBBw0Ta5yd10RuhDdfPORbzB_7Xh-cfVpeiIWxF91M1-ffCJaXnHFigdk4qRsw

IOS Architect,Develop and maintain current and future-state architecture models. Lead the business/functional architecture and strategy for solutions in a manner consistent…,Zenith Services ,N/A,"Seattle, WA",26/04/2024,N/A,"['Jira', 'Computer science', 'Cloud architecture', 'Computer Science', 'iOS development', 'DevOps', 'iOS', '3 years', 'AWS', ""Bachelor's degree"", 'Confluence']",/out?r=w_chAYWN8rO1Pph9tg0tRy2DmhPiAnvVdA9IZMaaJwZXQMhfIqFDkAT05HfkFlzcyqaibb_Eng0NTY3gWNz0yneGXB2lnXNNT105mSGp-hcJI_3H9LMmB3s0A3hnd33qGOt-orAaP9-I6xuBgOvSJILmNrvNoztcPFTuAWs
Software Architect,"Designs high-level software, develops high-level product specifications, and determines technical standards, including software coding standards, tools, and…",BBCH ,Full-time,Remote,26/04/2024,N/A,"['Azure', 'GSEC', 'DevOps', 'Secret Clearance', ""Bachelor's degree"", 'DoD 8570', 'Scrum', 'Agile', '9 years', 'CompTIA Security+', 'Leadership', 'SSCP']",/out?r=aED8buM-ZQ6n6ne6F1lTkIWeuUeoDMq7EFgjlDIAUbWYVXHM83caTbbjCpprYSpgz0eHcefvk4xJXSAIO6BUIz6uYswb6eiS1XmYz2pbiCj1c6RmIR49jNqRXOa3soRmbv-1RNejQqVNBAq3m0Ty9HwAXjkCdbmS-t5cs2IK7d8G_CDZ9oNSZyxaEvgaFQFEsw
Software Architect (Remote),"Provide technical guidance, specifications and documentation to product engineering teams. Ability to communicate complex technical problems, root cause…","Teaching Strategies, LLC ",Full-time,Remote,N/A,https://d2q79iu7y748jz.cloudfront.net/s/_squarelogo/128x128/43e3167b3473789a92dab9e2c8382d36,"['Paid parental leave', 'Disability insurance', 'Health insurance', 'Unlimited paid time off', 'Flexible spending account', 'Tuition reimbursement', 'Parental leave', '401(k) matching', 'Flexible schedule', 'B2C', 'ERP systems', 'System design', 'Google Cloud Platform', 'AWS', 'Software development', 'Agile', 'Root cause analysis', 'SaaS', 'Software architecture', 'Debugging', '10 years', 'Design patterns']",/out?r=MLG0oRSWFRgB0VRBdWqcxoEB9HE15oELwg8HNciFPCNtTMQIad5leHphJUgoK9kAZFnM-VmtlpGA0GW0wVNDlNzIQ4lW4BuL0t3PiKiVv-rYnhfzINMrFqQZEex54RwD5p-D
SQL Server Architect,"As a SQL Server Architect, you will also be responsible for architecture and management of enterprise-level SQL Server Always-On High Availability groups (SQL…",Intone Networks ,Contract,Remote,23/04/2024,https://d2q79iu7y748jz.cloudfront.net/s/_squarelogo/128x128/e49b869b922dbb240e92500077beef77,"['Jira', 'Microsoft SQL Server', 'Change management', 'SQL', 'ServiceNow']",/out?r=P_aOKCr3d2o7PDSVSKoeQqfvZQAp7LncSMeu4bmFuGMgqWDchBdvh-QK3YiW7_SnGlF4XMO6Au1bnskW7zyK0Bl_1wQ699PfZc4gcw
Software Architect,"Active participation in high-level technical design and architecture. Iron Mountain helps lower cost and risk, comply with regulations, recover from disaster,…",Iron Mountain ,N/A,"Concord, NH",26/04/2024,https://d2q79iu7y748jz.cloudfront.net/s/_squarelogo/128x128/8d72ce8256d706e5edfacc05d2eab580,"['Spring Boot', '7 years', 'Oracle', 'React', 'Kubernetes', 'XML', 'NoSQL', 'Git', 'Google Cloud Platform', 'Java', ""Master's degree"", 'Microservices', 'SQL', 'AWS', 'Docker', ""Bachelor's degree"", 'Machine learning', 'JavaScript', 'PostgreSQL', 'REST', 'Redux', 'Computer Engineering', 'Organizational skills', 'Software development', 'APIs', 'IT', 'JSON', 'Kafka', 'AI', 'Jenkins', 'GitLab', 'Communication skills', 'Information management', 'Spring']",/out?r=tZGP0_9xGYGUuBpZRtE3DuAp2t-BI6GnzM_TVx-EFGDvXy1ayWj39Rb_7XAk3onB2KSgnKKq4FFoj2ZQAYHjpmG66dAbkIUyjUped09eifyXliXcMyVG_AI4
AI/ML Software Architect,Strong communication skills with the ability to articulate complex technical concepts to both technical and non-technical stakeholders.,"Advanced Micro Devices, Inc ",N/A,"San Diego, CA",27/04/2024,https://d2q79iu7y748jz.cloudfront.net/s/_squarelogo/128x128/0d88c8b7ad753413e8139d134955d34d,"['Employee stock purchase plan', 'GPU programming', 'TensorFlow', 'Doctoral degree', 'Computer Science', 'PyTorch', 'Computer vision', ""Master's degree"", 'C++', ""Bachelor's degree"", 'Machine learning', 'Doctor of Philosophy', 'Deep learning', 'APIs', 'AI', 'Communication skills']",/out?r=yRoscP3X8cIFZuMYjDDjlB3xrLln2gHgGQwWG6gGBLccwzzURoV-xRwqzSF487WxO4lXvt6m-_DtXp6GT0sy67P0OgeGxGpA_F4KlZkrlxDmZclbMIEJaEObGpGZe8tNjwxQHd5zjiSURXd1IRlDrkIvWtxg9X8wv1gwaJd5nxCfJmvjDAXKJEg7qiUNV1D2X3kiGhszeYzxmHE0oBl3VmcEOFfangQuhFPOlftskwKC1wWam1wup_BeE3ZgK_T0nsWDsKpgqx6gZ8mgOVq7_hh-z58
Software Architect,Provides technical guidance to software engineering team and collaborates with Systems Engineering team in overcoming technical obstacles.,"E-Logic, Inc. ",Contract,"Washington, DC",26/04/2024,https://d2q79iu7y748jz.cloudfront.net/s/_squarelogo/128x128/87c78123a35ca65bcd8a6bd9a29f60c9,"['401(k)', '401(k) matching', 'ASP.NET', 'Secret Clearance', '11+ years', 'Microsoft Certified: Azure Data Engineer Associate', ""Associate's degree"", 'Editing']",/out?r=_4VaPh7dZZKEBxgIBNlWa_BCGGCBZPT_De2XE6PYTSbUkaGINJP8U6fBtpw_d0DY1EXT4JgmdnmP_IGlGCeMu4xMORsrqgfelk9mhlI75vE7kDVp7z_Ek3pOBkN-
Systems Software Architect,"Relevent programming experience in the following: Programming experience in C/C++, Knowledge in scripting languages, tools (Python), Debug and testing,…",INTEL ,Full-time,Remote,N/A,https://d2q79iu7y748jz.cloudfront.net/s/_squarelogo/128x128/a458bf4fc3f3de2f1a11c8236832b909,"['Health insurance', 'TensorFlow', 'Law', 'PyTorch', 'FPGA', '5 years', 'Data analysis skills', ""Master's degree"", 'C++', 'C', ""Bachelor's degree"", 'Distributed systems', 'Deep learning', 'Computer Engineering', 'Scripting', 'Computer Programming', 'Distributed computing', 'Electrical Engineering', 'AI', 'Python']",/out?r=QM7w6LRVnHUEwQl-09SPp3JWXAcshGKDEw5kfE4Kd3sCaDIMIOVKSccz31WWXuejL7ATCH_0M0_cc7IQofyfFJXBTB2xVyUNIrLEYc8k
Technical Architect | Middleware/Integration/iPaaS),"Manhattan Project implementation: 3 years (Preferred). (Manhattan Integration Framework), as well as Middleware/Integration/iPaaS expertise.",Infoway solutions LLC ,Contract,Remote,18/04/2024,N/A,"['Warehouse management system', 'Project implementation', '2 years']",/out?r=9xhMDl-QYaDheiivdL1BYHEbPtSKp2GElWIH7_gaf53pWLx-gbet0GuJBReOcN5U33ft4gSlRnfVlGzzuHODQnhlLDNnLAGpIZYadcPkS2kS5OChokej500Lf9hDZQcYHCdewuIPm_lckvDsghmrPNP0nWqfBaE-0g
Only W2 - Network Architect,"The primary purpose of the Principal Network Architect role is to provide strategic and technical leadership, design, direction, oversight, and guidance for DIT…",American Unit Inc ,Contract,Remote,23/04/2024,N/A,"['5 years', 'LAN', 'Network architecture']",/out?r=qri99n9y9WcIqOsc6AAmuG1NnUQc6ZVhHP5PZiJBHDjaX6HLOvKE3C2jCvEuxoKZ3-GuxQszyUrpyBQD57ZsRDc1L1Jf_KX3dxkcUGmBsndnH7IbBDeKcNcQKW7Y8OWJC5VZRw
Software Full Stack Developer - Architect,"Bachelor’s degree in computer science, IT, Business or related field, or equivalent professional and technical experience.",Service Credit Union ,Full-time,"Portsmouth, NH",26/04/2024,https://d2q79iu7y748jz.cloudfront.net/s/_squarelogo/128x128/9bb74fa1d64ff97f246e01ea23041416,"['401(k) 8% Match', 'Disability insurance', 'Health insurance', 'Dental insurance', '401(k)', 'Tuition reimbursement', 'Paid time off', 'Employee assistance program', 'Vision insurance', '401(k) matching', 'Benefits from day one', 'Opportunities for advancement', 'Life insurance', 'Referral program', 'Computer science', 'Computer Science', 'CSS', 'RESTful API', '3 years', 'Analysis skills', ""Bachelor's degree"", 'JavaScript', 'REST', 'Agile', 'IT', 'HTML5']",/out?r=Cg2b52lopKIAxIXs_V09VGVrdyWrzveFVd1yT9ofH3rW7qk8ed1L7PZa2vAsabWuZApTn4JTJeQ9UAOJf0-u9NiooJdchAffQ0y55_VvV2Gr9SwFOJ6HrmgeCK28M5GvQwCBpFwMI5BZ0ec8lydHMxwL
Software Architect (Remote),This role for a Software Architect reports directly to the SVP Engineering and will act as a strategic technical voice in defining the evolution of the product…,Rula ,Full-time,California,N/A,https://d2q79iu7y748jz.cloudfront.net/s/_squarelogo/128x128/8724260c156e80abe7b197f67d3f6f6c,"['Paid parental leave', 'Health savings account', 'Health insurance', 'Dental insurance', '401(k)', 'Flexible spending account', 'Parental leave', 'Employee assistance program', 'Vision insurance', 'Lunch & learns', '11+ years', 'SRE', 'SaaS', 'Communication skills']",/out?r=45C0YGPb6NNbhkZtZzIyevor4OjNuCZwzhnVaJdwV1olbqvOrwP0F4VLypRCftyoQjzRYyZxmvdP3_UWEt0jxdd562xqI35E2IVgujEmcZ8VcQQbIgLshnwvXKDwd-5EvepMfXzqzM49Ugaxrm0f1mOLpLtb7xMB
Business Intelligence Architect,Communicate effectively to convey complex technical concepts to non-technical stakeholders. Bachelor’s degree in a relevant field; additional certifications are…,Kanini Software Solutions ,Full-time | Contract,"Nashville, TN",25/04/2024,https://d2q79iu7y748jz.cloudfront.net/s/_squarelogo/128x128/276b96883f07c2cda77eb8771cb5e96e,"['Health insurance', 'Dental insurance', '401(k)', 'Power BI', 'Business intelligence', 'Data structures', 'Tableau', 'Analysis skills', ""Bachelor's degree"", 'ETL', 'Data visualization', 'Communication skills']",/out?r=0MlNSCM-A_QEkWDE_03rD25g1-Z8C8l_N9XSBbxvZ6FwIMTk_66xAcOtktUCAZgdbAwR5OcHf48hqY97DbBcs5zPiyFIsOYeilwUYQqO_WrYHUAs7ZOUuDAXL3ZrgCF77CiG8__gNn_dkA
Cloud Architect - Remote,"Bachelor’s degree in Computer Science, Computer Engineering, Information Technology, or related field; or equivalent related work experience.",GXO Logistics ,N/A,Florida,23/04/2024,https://d2q79iu7y748jz.cloudfront.net/s/_squarelogo/128x128/67e4467b3eaa7848aede464517d9a557,"['Health insurance', 'Dental insurance', '401(k)', 'Vision insurance', 'Life insurance', '7 years', 'Cloud infrastructure', 'Azure', 'Cloud architecture', 'Computer Science', 'Google Cloud Platform', ""Master's degree"", 'AWS', ""Bachelor's degree"", 'Computer Engineering', 'IT']",/out?r=Oms8hnArDXFqjYvXmTvIz6UmWzs1i9hinCAK586A3HTZXEa9wXeuiyfhOb1Gd80tRMTVOTH4kP5xL7LZkVwjDyGZ_LEobae90NVcizs_mWKb7l4dD9IkscioGKP2OfO7T5hg7rvGXqREAHJ6BOxjlMoT1-MXZc85qBEJ41SZEzDqOp2-nb2t26d2Bz7OL4RQyxu9-E0ekJB9f_qGmCPq6YkwFA
Information Architect,"Bachelor’s or master’s degree in an analytic, data-focused field such as library and information sciences, linguistics, businesses administration.",Pivotree ,Full-time,United States,25/04/2024,https://d2q79iu7y748jz.cloudfront.net/s/_squarelogo/128x128/cc770e6083a5b69131bc9701feed5cc9,"['5 years', 'Taxonomy', ""Master's degree"", ""Bachelor's degree"", 'Mentoring', 'Budgeting', 'Project leadership', 'Leadership', 'Communication skills', 'Master data management']",/out?r=EMviHfoXDl9_oV3rH2j_v80uXqmLe29cGAQZ-Yrox4sp0lyOGJuDX0Kf-YNYW35DvKHMz1jZtQhwakJwfkNO7oiYnaniqZw5m1gmAwJINOYTw-OCKw5YohRhn10tIKXvIuT_P7doJmKEVy329mo-q6YOWzvg7ODVhf25E2I0n-33nA
Integration Architect – Inventory Management,"Create technical documentation, user guides, and training materials to facilitate user adoption and support. Role: integration Architect – Inventory Management …","SolGenie Technologies, Inc. ",Contract,Remote,N/A,N/A,"['Oracle', 'Inventory management']",/out?r=1J0KfyxYNIlzW9q9x49TJ7ocBNanWV_oFSJywzeZfGkM7QEVt4FrGCB_SxV1G5D7Jcn-MWZUzk3d2kIR7SUrFIZOgKv6H_jpP4V-5Ds2hQbmvmfGA0Qenq-Oql2b_zzE6zjI4SYdtjdfr4BsR8ae5h4DFSD8
Cloud Architect,Cloud Strategy: *Develops and drives the end-to-end technical roadmap for existing and proposed cloud services and articulates impact on the broader strategy;…,"TMH Solutions, LLC ",Contract,"Columbus, OH",18/04/2024,N/A,"['Knowledge management', 'Azure', 'Management', 'Cloud architecture', '5 years', 'DevOps', 'PaaS', 'APIs', 'IaaS']",/out?r=NmgOL8H2_B5P-fz6FqUj-7SoCjRybQRn6G6p6ytAdeQeXCF05Oj9kuz7IG-r_bidt4awkVR25f5rE2_8wC3kMiwTqgjAq3I7e4J1yszBXAEzVEKyYbbctnQl
AEM Technical Architect,As an Architect/ Manager you will be responsible for translating client content management requirements into technical designs which includes enterprise-level…,Tech Intellectuals ,Full-time,Remote,20/04/2024,https://d2q79iu7y748jz.cloudfront.net/s/_squarelogo/128x128/9c36eeb82e91fff13fb3fc4d9fb80a98,"['Health insurance', 'Dental insurance', '401(k)', 'Vision insurance', 'Cloud architecture', 'CSS', 'XML', 'Multilingual', 'Social media management', 'Software deployment', 'Java', ""Bachelor's degree"", 'JavaScript', 'REST', 'Scrum', 'Adobe Experience Manager', 'Agile', 'Content management', 'Financial services', 'Apache', 'Leadership', '2 years', 'Communication skills', 'Spring', 'HTML5', 'Analytics', 'SDLC', '10 years', 'Design patterns']",/out?r=D_8Euz28tWfa6UAHw8pi5t9-6t0OyobMuOOBJpyefvlP73Gyl96jjDXEpdrTgBUQjgcZiLY6k12E869ukKWPdwC9AJrvPc7sAEnKCb2L83IjS9JqMgFnEsvvaTCEiari0mE
Architect / Sr. Software Engineer,"As a member of this team, you will contribute to developing world-class processes and tools that seamlessly integrate machine learning and statistical computing…",3M ,Full-time,Minnesota,19/04/2024,https://d2q79iu7y748jz.cloudfront.net/s/_squarelogo/128x128/5c526a0dc0517eec62343fcd934fdad8,"['Health savings account', 'Disability insurance', 'Health insurance', 'Dental insurance', 'Flexible spending account', 'Vision insurance', 'Life insurance', 'Retirement plan', 'CI/CD', 'Azure', 'RESTful API', 'Full-stack development', '5 years', 'Military', 'DevOps', 'Mobile applications', 'C#', 'NoSQL', 'Google Cloud Platform', 'Java', 'Microservices', 'High school diploma or GED', 'SQL', 'Database design', 'AWS', ""Bachelor's degree"", 'Machine learning', 'Continuous improvement', 'Distributed systems', 'Virtualization', 'Software development', 'APIs', 'Web services', 'AI', 'Communication skills', 'Python', 'Marketing', 'SDLC', 'Design patterns']",/out?r=ctQiUMXOXHekhssKmTupiXHEdngJLDv-eTPMpeTt5yXM6CjGEv9Bkhb5ZI-PIygqYvNVnej_TudQ6-Dw7bEnZS5U9MOzElIJbIzBf0eVsbw6JsR5bYgMngrEfYgVnuTS3zAdRme5Tkzg9TizKbme__UZ2bDS07g6cLo0Xg5jrb_9-wdCoOuQKXH2e7sKVkk
Senior Application Architect,"You will work closely with cross-functional teams to develop and deliver technical solution, documentation, and resources. Use your skills to make an impact.",Humana ,Full-time,Kentucky,26/04/2024,https://d2q79iu7y748jz.cloudfront.net/s/_squarelogo/128x128/41f10e4f19f3ffd53d19aa4e14082a08,"['Paid parental leave', 'Caregiver leave', 'Disability insurance', 'Health insurance', 'Dental insurance', '401(k)', 'Paid time off', 'Work from home', 'Parental leave', 'Vision insurance', '401(k) matching', 'Benefits from day one', 'Volunteer time off', 'Life insurance', 'Computer science', 'Computer Science', ""Master's degree"", ""Bachelor's degree"", 'Agile', 'IT', 'Kafka', 'Communication skills']",/out?r=uDGRnlsECmTQ94LR3u94_z99xaN1heLxlM88qWhrvqiAG5Zn5FSne72E_LueQ9cgnYcsXaJznIFDT-TLiubybpuE4DpLDWfLrg
